Area,Perimeter,MajorAxisLength,MinorAxisLength,Eccentricity,ConvexArea,Extent
12103,456.364990234375,189.7859344482422,82.76078033447266,0.8999106287956238,12483,0.629054069519043
11960,436.3710021972656,183.8168182373047,83.23420715332031,0.8916067481040955,12142,0.5895691514015198
9487,394.2799987792969,165.9357452392578,73.33003997802734,0.8970553278923035,9659,0.7229843139648438
12723,465.9419860839844,197.7523193359375,83.90299987792969,0.9055295586585999,12974,0.6831507682800293
14587,497.9469909667969,211.68728637695312,88.9132080078125,0.9075141549110413,14926,0.6486859321594238
14202,485.93798828125,202.6140594482422,90.65028381347656,0.8943321108818054,14640,0.561765730381012
